malware,ioc_type
Mirai,port
Mirai,port
Mirai,port
Mirai,port
Mirai,port
Mirai,port
Mirai,port
Mirai,port
Mirai,port
Mirai,vulnerability
Mirai,vulnerability
Mirai,vulnerability
Mirai,vulnerability
Mirai,vulnerability
Mirai,vulnerability
Mirai,vulnerability
Mirai,vulnerability
Mirai,models
Mirai,models
Mirai,models
Mirai,models
Mirai,models
Mirai,models
Mirai,models
Mirai,models
Emotet,port
Emotet,port
Emotet,port
Emotet,port
Emotet,port
Emotet,port
Emotet,port
Emotet,port
Emotet,port
Emotet,port
Emotet,port
Emotet,port
Emotet,port
Emotet,file type
Emotet,file type
Emotet,file type
Emotet,file type
Emotet,file type
Emotet,file type
Emotet,file type
Emotet,file type
Emotet,file type
Emotet,file type
Emotet,file type
Emotet,file type
Emotet,file type
Emotet,registry key
Emotet,registry key
Emotet,registry key
Emotet,registry key
Emotet,registry key
Emotet,registry key
Emotet,registry key
nil,nil
nil,nil
nil,nil
nil,nil
nil,nil
nil,nil
nil,nil
nil,nil
nil,nil
nil,nil
nil,nil
nil,nil
nil,nil
nil,nil
nil,nil
nil,nil
nil,nil
nil,nil
nil,nil
nil,nil
nil,nil
nil,nil
nil,nil
nil,nil
nil,nil
nil,nil
nil,nil
nil,nil
nil,nil
nil,nil
nil,nil
nil,nil
nil,nil
nil,nil
nil,nil
nil,nil
nil,nil
nil,nil
nil,nil
nil,nil
nil,nil
nil,nil
nil,nil
nil,nil
nil,nil
nil,nil
nil,nil
nil,nil
nil,nil
nil,nil
nil,nil
nil,nil
nil,nil
nil,nil
nil,nil
nil,nil
nil,nil
nil,nil
nil,nil
nil,nil
nil,nil
nil,nil
nil,nil
nil,nil
nil,nil
nil,nil
nil,nil
